,screen_name,name,verified,created_at,age,age_days,url,description,links,follower_count,favourites_count,avg_likes_last_5,avg_rt_last_5,user_mentions_last_5
0,thenothingsnft,The Nothings,False,2022-03-02 02:43:41+00:00,8 days 03:05:43.949477,8,https://t.co/HvKrRKccCP,Literally nothings.,[],1110,121,0.6,1.0,"['landon400000', 'EmmyShotIt', 'Henrae01', 'Web3Alerts', 'thenothingsnft']"
1,StarkNetTR,StarkNet | T√ºrkiye,False,2022-03-05 06:27:21+00:00,4 days 23:22:04.339383,4,https://t.co/GnpHQtw4fW,"STARK'larƒ± yanƒ± ba≈üƒ±nƒ±zdaki blokzincire getiriyoruz.
StarkNet T√ºrkiye topluluƒüu hesabƒ±dƒ±r.

This is the StarkNet Turkey community account.",[],3159,0,1217.0,105.0,[]
2,degen_studios,degenstudios,False,2022-03-07 21:47:13+00:00,2 days 08:02:12.699585,2,,FUCK YEA,[],878,1,28.666666666666668,82.66666666666667,"['jakethedegen', 'yungwknd', 'degen_studios']"
3,HerbertWFranke,Herbert W. Franke,False,2022-03-08 15:51:22+00:00,1 days 13:58:04.049314,1,https://t.co/TTREBESijM,"Computer artist, scientist, philosopher",[],8027,87,102.8,2.0,"['Brocciuz', 'thisaintanika', 'bottoproject', 'quasimondo', 'BottoDAO', 'nd_kane', 'veloopity']"
4,ApesOfArbitrum,ApesOfArbitrum,False,2022-01-26 12:18:08+00:00,42 days 17:31:18.369596,42,,"A Shrewdness of 11,111 Apes born & raised on @Arbitrum.

Stay tuned for more info !",[],240,28,27.4,18.2,"['0xINCREDIBLE', 'ThisIs_M1nH', 'arbitrum', 'Halodave12', 'wdm611']"
5,Petroleum_Defi,Petroleum Finance,False,2022-03-05 10:44:33+00:00,4 days 19:04:53.740417,4,,"(‚õΩÔ∏è,‚õΩÔ∏è) 
Upcoming #P2E #DaaS on #AVALANCHE chain !
Join us and enjoy the life of an oil tycoon ! Capitalize, Compound and Earn !
https://t.co/niqZ5hMn2X",['https://t.co/niqZ5hMn2X'],934,35,58.6,54.2,"['MisslinQ', 'ShrimpTempuraz', 'Petroleum_Defi', 'CryptoBethany']"
6,liqui_space,Liqui,False,2022-01-05 07:36:23+00:00,63 days 22:13:04.069719,63,,Conditional liquidity protocol,[],91,0,0.0,11.0,"['yevhenx', 'opyn_']"
7,altr_____,altr_,False,2022-01-02 23:30:01+00:00,66 days 06:19:26.439763,66,https://t.co/BacUwqNuPc,"‚ö´Ô∏è digital-first fashion house built and owned by creators. 

‚ö™Ô∏è we live at the intersection of #fashion and the #metaverse. 

üì∑ https://t.co/yXf8vJQrBU",['https://t.co/yXf8vJQrBU'],243,182,3.2,0.2,['voguemagazine']
8,0xApolloCom,Apollo,False,2022-03-08 07:36:49+00:00,1 days 22:12:38.759686,1,https://t.co/vzs6JfD4eG,"Apollo is the first Titano fork and rebase token on Metis, offering a fixed APY of 383,025.80%. Auto-staking & compounding, simple and secure.
Join Discord üëá",[],189,5,13.2,7.8,"['Master_Metis', 'WhatTheFork_xyz', 'M3zlm', 'MetisDAO', 'tethysfinance']"
9,OutlinersNFT,The Outliners,False,2022-03-06 01:33:43+00:00,4 days 04:15:45.069547,4,,The Outliners - 1000 PFP NFT‚Äôs that hold a mintpass for all future Peace collections.,[],424,29,92.8,31.4,[]
10,neevaxyz,Neeva.xyz,False,2022-02-25 19:05:14+00:00,12 days 10:44:14.369693,12,https://t.co/NmBQIi7jNt,Bringing full transparency to web3. Join us: https://t.co/s5gBvd5MQp,['https://t.co/s5gBvd5MQp'],1327,31,12.2,6.0,"['neevaxyz', 'tanduyha', 'cdixon']"
11,moonbirds_xyz,Moonbirds,False,2022-03-02 03:07:10+00:00,8 days 02:42:18.729191,8,,"ü¶â 10K PFP utility PFP, coming soon
‚Ñó a @proof_xyz project",[],1161,1,0.0,0.0,[]
12,drakkar_dot_gg,drakkar.gg,False,2022-02-14 15:58:14+00:00,23 days 13:51:15.034215,23,https://t.co/gQGSuUaMQa,drakkar helps you sail the open sea,[],136,1,9.0,3.0,[]
13,AtlasMetis,Atlas,False,2021-12-30 18:25:39+00:00,69 days 11:23:50.359197,69,https://t.co/lxNfpsg0ca,"Atlas is a Tethys reflective token soon running on Andromeda $METIS. Hold $ATLAS, earn $TETHYS.",[],85,3,3.0,3.8,"['AtlasMetis', 'tethysfinance']"
14,moneydotspace,space √∏,False,2022-01-18 11:24:28+00:00,50 days 18:25:01.699605,50,https://t.co/i4ouqpRAuB,"a safe space for money / relax, trade, and earn / enabling deep interblockchain liquidity for stable assets @kava_platform",[],65,9,16.0,4.0,['kava_platform']
15,nearlend_io,Nearlend,False,2022-01-25 12:44:14+00:00,43 days 17:05:16.019556,43,https://t.co/W9sR8mThvv,Non-custodial lending and borrowing liquidity protocol,[],65,2,1.2,0.0,[]
16,getCatapult,Catapult,False,2022-01-17 10:48:02+00:00,51 days 19:01:28.349518,51,https://t.co/Z693qPc8AT,Supercharge your DAO Onboarding with Catapult.,[],76,2,0.0,0.0,[]
17,GVolDefiBot,GVol Defi Options Bot,False,2022-01-08 16:46:16+00:00,60 days 13:03:14.674263,60,,"https://t.co/68pV7oUeRF
Defi Options Twitter Events Bot
Find Edge, Capture Alpha, Slang Size",['https://t.co/68pV7oUeRF'],77,3,0.0,0.0,['HegicOptions']
18,KoodosXYZ,Koodos,False,2022-02-13 02:12:02+00:00,25 days 03:37:28.999065,25,,Koodos by Project Pharos,[],113,5,3.0,1.0,"['MuseByMonday', 'KoodosXYZ']"
19,i_lldoitmyself,Thanoswap,False,2022-02-24 11:20:17+00:00,13 days 18:29:14.349270,13,https://t.co/Yrd3AUjQFd,"A better AMM on @zkSync, designed to provide a sustainable & competitive yield while minimizing fee & slippage for traders",[],321,5,2.2,1.4,"['LevxApp', '0xthanos', 'i_lldoitmyself']"
20,raynlabs,Rayn,False,2022-02-17 00:43:49+00:00,21 days 05:05:42.749183,21,,Research and Development Studio. Team behind @module @decentralize and more.,[],221,2,5.333333333333333,3.6666666666666665,['module']
21,citizendxyz,citizend,False,2022-01-18 12:17:42+00:00,50 days 17:31:50.009994,50,,Coming soon,[],103,4,0.0,0.0,[]
22,ApesOfArbitrum,ApesOfArbitrum,False,2022-01-26 12:18:08+00:00,42 days 17:31:24.281605,42,,"A Shrewdness of 11,111 Apes born & raised on @Arbitrum.

Stay tuned for more info !",[],240,28,27.4,18.2,"['0xINCREDIBLE', 'ThisIs_M1nH', 'arbitrum', 'Halodave12', 'wdm611']"
23,H2O_data,H2Odata,False,2022-01-11 23:30:08+00:00,57 days 06:19:24.606265,57,https://t.co/v2hIYrAf45,The new wave of a data backed stable asset,[],942,0,8.0,0.4,[]
24,USDB_,USDB,False,2022-03-01 16:43:08+00:00,8 days 13:06:24.986427,8,https://t.co/HrNp3LGHDB,Coming onto the #Fantom network in March 2022,[],2044,13,385.2,283.6,['FantomFDN']
25,Scalara_xyz,Scalara,False,2022-01-30 23:47:37+00:00,38 days 06:01:56.300988,38,https://t.co/orB913nJyu,"Creates, maintains, and licenses innovative financial indices for a decentralized world.",[],273,47,3.4,1.8,"['SlingshotCrypto', 'arbitrum', 'fallow8DeFi', 'Uniswap', 'Web3Alerts', '0xPolygon', 'indexcoop']"
26,DemeterOnAvax,Demeter - Titano Fork on the Avalanche Network,False,2022-02-01 19:29:45+00:00,36 days 10:19:48.675909,36,https://t.co/jlEKvFqthX,"Demeter, A revolutionary Titanos Fork with Auto-Staking, Auto-Compounding, and a algorithmically controlled buyback protocol üí∞ https://t.co/jlEKvFqthX",['https://t.co/jlEKvFqthX'],306,6,15.6,26.0,"['DefPoetPoetri', 'DemeterOnAvax']"
27,vaultinc_,Vault.inc,False,2021-12-14 06:53:18+00:00,85 days 22:56:16.066317,85,https://t.co/KX4p16Keu1,"https://t.co/dDUa8HxDCx empowers project with staking & locking mechanism

Discord: https://t.co/3FX1wcEII0","['https://t.co/dDUa8HxDCx', 'https://t.co/3FX1wcEII0']",258,25,7.4,1.8,"['Rubick_dev', 'BitkraftVC', 'vaultinc_', '0xPolygontech', 'highstreetworld', 'YieldGuild', 'entropyfi', 'arcadedotinc', 'nitroleaguegame', 'kookoocryptotv', 'crypto_unicorns', 'Delphi_Digital', 'LootexIO', 'YGGIndia', '_j_maria_']"
28,Metis8Ball,üé± 8Ball ‚ö´Ô∏è Blackball,False,2022-03-02 15:23:23+00:00,7 days 14:26:11.416340,7,https://t.co/6nFHfUmeey,üé± 8Ball - The true OG utility NFT on $metis ! Supply 1717 | BlackBall token supply 1717 #Metis8ball #Metisblackball,[],177,149,5.4,1.8,"['AgoraDefi', 'BinaryDAO_fi', 'HeraAggregator', 'netswapofficial', 'tethysfinance', 'metisamainu', 'MaiaDAOMetis', 'tealpillmetis', 'Collab_Land_', 'minimetis', 'starstreamfin', 'FreeWolfCrypto', 'Cryptostonk1', 'baby_kongz', 'McMetis_']"
29,SunblockFinance,Sunblock Finance,False,2022-02-12 13:23:07+00:00,25 days 16:26:27.788451,25,https://t.co/bMt1x9mUEW,Sunblock Finance allow users to get access to high price investments like Strongblock by community sharing of the investment and the reward. $10 per share,[],30,1,0.6,0.0,[]
30,HyphaLink,Hypha,False,2021-12-21 04:59:33+00:00,79 days 00:50:02.116501,79,https://t.co/dXpRPIs6VD,Decentralized communication where you're the owner,[],37,3,1.25,8.25,['streamr']
31,GrowersG,growers.game,False,2022-01-24 06:00:03+00:00,44 days 23:49:32.436142,44,,we love $MAGIC and Treasure,[],106,0,0.0,0.0,[]
32,metavatar_app,Metavatar,False,2021-12-29 09:52:08+00:00,70 days 19:57:27.766062,70,https://t.co/MN4olH4D6D,Your avatar in the metaverse. Genesis NFT mint open at https://t.co/PQKaBvr0vT,['https://t.co/PQKaBvr0vT'],503,32,7.6,1.2,"['hexagonxyz', 'Ukraine_DAO', 'Unchainfund', 'typedaxiom', '_al3x5_', 'Henry_DeFi']"
33,privy_io,Privy,False,2021-12-08 21:16:57+00:00,91 days 08:32:39.106003,91,https://t.co/Ij9lTvzszS,"With a few lines of code, integrate sensitive user data into your product so you can build a delightful experience without putting your users at risk.",[],497,38,5.2,1.0,"['mvellank', 'privy_io', '0xArthurxyz']"
34,Gambit_finance,Gambit,False,2022-01-16 07:20:51+00:00,52 days 22:28:45.446272,52,https://t.co/UUdn82thOO,Decentralized Autonomous Organizations,[],27,0,0.0,0.0,[]
35,VersusMetaverse,Versus Metaverse,False,2022-01-10 08:42:28+00:00,58 days 21:07:08.746255,58,https://t.co/w3DKMN4g5j,Passive NFT battles within a unique world!,[],22,0,0.0,0.0,[]
36,Petroleum_Defi,Petroleum Finance,False,2022-03-05 10:44:33+00:00,4 days 19:05:04.117139,4,,"(‚õΩÔ∏è,‚õΩÔ∏è) 
Upcoming #P2E #DaaS on #AVALANCHE chain !
Join us and enjoy the life of an oil tycoon ! Capitalize, Compound and Earn !
https://t.co/niqZ5hMn2X",['https://t.co/niqZ5hMn2X'],934,35,58.6,54.2,"['MisslinQ', 'ShrimpTempuraz', 'Petroleum_Defi', 'CryptoBethany']"
37,Argodefi,Argo,False,2022-03-06 19:31:41+00:00,3 days 10:17:56.486105,3,https://t.co/kJ5MSLu9kK,"Algorithmic Stablecoin on Metis, Pegged to the Price of 1 $TETHYS via Seigniorage.",[],103,0,6.5,1.5,"['RugDocIO', '0xGuard']"
38,degen_studios,degenstudios,False,2022-03-07 21:47:13+00:00,2 days 08:02:24.826885,2,,FUCK YEA,[],878,1,28.666666666666668,82.66666666666667,"['jakethedegen', 'yungwknd', 'degen_studios']"
39,GetMyProof,proof,False,2022-02-11 05:30:08+00:00,27 days 00:19:30.206103,27,https://t.co/roC0I3p5ki,"the future of identity is on chain. probably nothing, coming soon. join the community: https://t.co/8CsTjlI7eV",['https://t.co/8CsTjlI7eV'],100,0,4.2,0.6,[]
40,SwappiDEX,Swappi,False,2022-01-25 01:23:49+00:00,44 days 04:25:49.519682,44,,#1 AMM based Decentralized Exchange on Conflux eSpace ü•ë | Coming Spring 2022,[],185,2,31.333333333333332,6.0,[]
41,boba_brewery,Boba Brewery,False,2021-12-24 03:36:00+00:00,76 days 02:13:38.876124,76,https://t.co/fYm1aXjWQg,"A fully decentralized platform to connect excellent fundraising projects from Boba Network and investors looking for IDO. 
üìùhttps://t.co/GPaVJezxcT",['https://t.co/GPaVJezxcT'],389,12,4.8,6.4,"['TaroFinance', 'Cointelegraph', 'bobanetwork']"
42,BasinProtocol,Basin Protocol,False,2022-03-06 06:09:39+00:00,3 days 23:40:00.236324,3,,"Liquid Staking for @EvmosOrg

https://t.co/Rnm65cAF4p",['https://t.co/Rnm65cAF4p'],999,45,12.0,17.8,"['Evmos', 'BeanbagFi']"
43,PerciFinance,Perci Finance üí∞,False,2022-02-03 09:36:55+00:00,34 days 20:12:44.605949,34,,"The First Borrowing Protocol on @Evmos 51x Leverage | Portfolio Borrowing | 0% Interest Coming soon.
https://t.co/mEdomidBn6",['https://t.co/mEdomidBn6'],805,30,157.4,92.6,['BasinProtocol']
44,metisamainu,Metisama Inu,False,2022-03-04 23:53:33+00:00,5 days 05:56:06.945693,5,https://t.co/iGmitxLmwz,"First dog on $METIS Andromedaüê∂
A community project empowering people around the world to be in control of their own money.üí∏
üî•#METISAMA üî•

https://t.co/FaLFXjY9f7",['https://t.co/FaLFXjY9f7'],632,587,5.6,1.6,"['apollo_wayne', 'frombroke2bags', 'metisamainu', 'ya_squire', 'AstrologyCrypto', 'mapletarzan', 'xnokia5200', 'JadeTBTC']"
45,SmolKevins,Smol Kevins,False,2022-02-27 06:38:13+00:00,10 days 23:11:27.306376,10,,"5555 Smol Kevins
Free Mint and Good vibes only 
#arbitrum
Discord coming soon......",[],2590,157,59.0,11.6,"['enjoyooooor', 'SmolbeansNFT', 'lebot691', 'BahaMatt242', 'TheLostDonkeys', 'litterkittens']"
46,BasinProtocol,Basin Protocol,False,2022-03-06 06:09:39+00:00,3 days 23:40:01.666259,3,,"Liquid Staking for @EvmosOrg

https://t.co/Rnm65cAF4p",['https://t.co/Rnm65cAF4p'],999,45,12.0,17.8,"['Evmos', 'BeanbagFi']"
47,theagoraNFT,AGŒ©RA,False,2022-03-06 18:00:06+00:00,3 days 11:49:34.986160,3,,"Welcome, citizen.",[],187,3,31.2,34.0,[]
48,countryside_fin,Countryside Finance,False,2022-03-04 22:19:45+00:00,5 days 07:29:56.336117,5,https://t.co/7JP1LVpSwq,High Reward Node Protocol on #Avalanche - Inspired by $UNIV - Adding PoW into Nodes - #DaaS - https://t.co/n2uykiHpct,['https://t.co/n2uykiHpct'],394,24,20.6,36.8,"['w3rn3r1337', 'HoanMedia', 'countryside_fin', 'Scroutii']"
49,SmowlsNFT,Smowls,False,2022-03-05 17:35:56+00:00,4 days 12:13:45.726035,4,,A parliament of wise and MAGIC-al owls coming to #Arbitrum | Free Mint | !HOO is with us? ü¶âüëÄ,[],1988,47,752.0,378.6666666666667,['bocilelv']
50,PerciFinance,Perci Finance üí∞,False,2022-02-03 09:36:55+00:00,34 days 20:12:47.026455,34,,"The First Borrowing Protocol on @Evmos 51x Leverage | Portfolio Borrowing | 0% Interest Coming soon.
https://t.co/mEdomidBn6",['https://t.co/mEdomidBn6'],805,30,157.4,92.6,['BasinProtocol']
51,joincirclebot,You‚Äôre in.,False,2022-01-28 21:56:28+00:00,40 days 07:53:14.366096,40,,@joincirclexyz,[],616,175,2.6,19.2,"['joincirclexyz', 'christority', 'worthalter', 'sxtvik', 'Hustl3raw', 'DSmdl00']"
52,neevaxyz,Neeva.xyz,False,2022-02-25 19:05:14+00:00,12 days 10:44:28.745863,12,https://t.co/NmBQIi7jNt,Bringing full transparency to web3. Join us: https://t.co/s5gBvd5MQp,['https://t.co/s5gBvd5MQp'],1327,31,12.2,6.0,"['neevaxyz', 'tanduyha', 'cdixon']"
53,TresorFinance,Tresor Finance,False,2022-02-17 14:39:20+00:00,20 days 15:10:23.110629,20,https://t.co/oO7xMDkk2c,Tresor Finance is a hyper-deflationary token that rewards its holder through BNB reflection. It also focuses on revenue accretion in a node-centric manner.,[],309,0,4.6,3.0,['CNTOKEN_io']
54,nodeinvestment,Node Investment Trust,False,2022-02-04 18:35:34+00:00,33 days 11:14:09.392725,33,,"The first ever Node Investment Trust
Stealth launch coming soon
Nodeinvestment@gmail.com
https://t.co/sjI01TE06t",['https://t.co/sjI01TE06t'],270,32,18.8,17.2,"['volterification', 'dreamonft', 'FredRudorff', 'DegenCruz', 'Aurelius1793', 'Web3Alerts', 'Nineset', 'MrSirNFT', 'nodeinvestment']"
55,moonbirds_xyz,Moonbirds,False,2022-03-02 03:07:10+00:00,8 days 02:42:33.744985,8,,"ü¶â 10K PFP utility PFP, coming soon
‚Ñó a @proof_xyz project",[],1161,1,0.0,0.0,[]
56,poriverse,Poriverse,False,2021-12-21 10:33:58+00:00,78 days 19:15:46.025266,78,https://t.co/yeAoliSkq5,"A new Play, Earn and Enjoy NFT Game",[],885,7,9.4,4.8,"['SnoopDogg', 'deathrowmusic', 'polygonstudios', 'Karmaverse_io', 'RenoviNFT', 'meta_engine']"
57,LoadedNodes,Loaded Nodes,False,2022-03-03 00:53:38+00:00,7 days 04:56:06.384774,7,https://t.co/IBM1vYNpNs,"‚åöÔ∏èUpcoming #DaaS on #CRONOS chain.
Innovative yield farming protocol built on Cronos Chain #CRO | Get your node and earn a daily rewards !",[],909,280,41.0,20.4,['NodeRAMBO']
58,3xcalibur_io,3xcalibur,False,2022-01-09 13:34:11+00:00,59 days 16:15:33.735001,59,,"For an idea that does not first seem insane, there is no hope.",[],389,0,0.0,0.0,[]
59,moongateguild,Moongate,False,2021-12-07 05:57:25+00:00,92 days 23:52:20.025119,92,https://t.co/agk76ymgyu,a new dawn of gaming,[],221,0,0.0,0.0,[]
60,SpiritSwapWars,Spirit Wars,False,2022-02-09 12:58:03+00:00,28 days 16:51:42.315055,28,https://t.co/qH0PiD4G2p,The #SpiritWars are here! Who controls the most #inSpirit? Part of @DefiWars_,[],508,24,22.6,7.4,"['Spirit_Swap', 'beefyfinance', 'Onering_Finance', 'TheUnipornRage', 'LiquidDriver']"
61,PayLunar,LunarPay,False,2021-12-12 07:46:09+00:00,87 days 22:03:36.634949,87,https://t.co/RJ53E82uey,Accepting recurring payments in crypto now easier than ever. Open Beta Launched. https://t.co/ZctwiMiq43,['https://t.co/ZctwiMiq43'],451,49,0.6,0.8,"['PayLunar', 'RaghavSaraf17', 'devvnomad', 'NightfallCash', '0xPolygon', 'tennisballchips']"
62,RyvinNodes,Ryvin Nodes,False,2022-03-05 11:29:45+00:00,4 days 18:20:00.964969,4,,,[],518,2,51.5,39.0,[]
63,Gem_Nodes,Gem Nodes,False,2022-02-22 03:09:46+00:00,16 days 02:40:00.314921,16,https://t.co/zqAxF1RVfB,"Sustainable NaaS project built on the Avalanche Network, Node release coming soon! Join us on Discord for the latest updates!
https://t.co/vTqeaoFZWA",['https://t.co/vTqeaoFZWA'],746,9,11.8,6.6,"['FreshCoinsIo', 'GemBSC_ERC']"
64,OrBit_Markets,OrBit,False,2022-01-18 14:41:19+00:00,50 days 15:08:27.664882,50,,We create next-generation crypto options and structured products to meet the growing demand for more sophisticated solutions in digital assets.,[],75,4,19.0,4.5,['opyn_']
65,Ape_In_Records,Ape In Records,False,2022-03-03 13:40:26+00:00,6 days 16:09:20.974842,6,,"Ape In Records is a newly launched project on the Ethereum network to help musicians, producers and songwriters $AIR https://t.co/OJ7Y56FHlZ",['https://t.co/OJ7Y56FHlZ'],2656,206,54.6,27.6,"['BITCOINTRAPPER', 'cryptoskullx', 'ClashMagazine']"
66,PallaFinance,Palladium Finance,False,2022-02-27 07:25:14+00:00,10 days 22:24:33.365100,10,https://t.co/vGMTWSZslC,"Fork Titano on #BSC hold $PALD earn up to 151,631.1% APY.
Auto-staking & Auto-compounding, Multisig

Let's go Paladins üèõÔ∏è",[],2374,8,17.0,13.4,[]
67,ZkpadAnalytics,ZkPad Analyticz,False,2022-03-03 16:16:45+00:00,6 days 13:33:02.705393,6,,"Data, educational content, and more accessible to all on Zk Rollups.ü§ù

#Starknet #L222 #zkrollups",[],145,9,31.2,23.6,"['equilibrium_co', 'Swagtimus', 'StarkWareLtd', 'Zup88', 'arjunaskykok']"
68,drakkar_dot_gg,drakkar.gg,False,2022-02-14 15:58:14+00:00,23 days 13:51:34.054915,23,https://t.co/gQGSuUaMQa,drakkar helps you sail the open sea,[],136,1,9.0,3.0,[]
69,astr0bas3d,amplice.eth,False,2020-09-08 04:06:13+00:00,548 days 01:43:35.416651,548,,"lazlo & surrogates/ethertales stan

@10b57e6da0, @GearboxProtocol and ex@SushiSwap propagandist

can make videos for u for eth or tokens dm if u want memeticism",[],827,5584,1.8,0.0,"['uhr3al', 'SBF_FTX']"
70,UniRep_Social,UniRep Social,False,2022-02-15 16:51:37+00:00,22 days 12:58:11.775012,22,https://t.co/dpnNT9Kcmc,"Community based on ideas, not identities. Zero-knowledge reputation system lets communities build trust anonymously. Open-source project. https://t.co/0S6qckVkWp",['https://t.co/0S6qckVkWp'],35,0,1.2,0.0,[]
71,driftyxyz,Drifty.xyz,False,2022-02-16 21:36:38+00:00,21 days 08:13:11.115052,21,https://t.co/JTqpXOqTLa,Drifty is a web3 search engine - discover anything on web3!,[],237,3,2.0,0.2,"['KW2whTNe6OFwFhO', 'RektHQ', 'LumaHQ', 'glassprotocol']"
72,DemoxLabs,Demox Labs,False,2021-12-07 17:54:42+00:00,92 days 11:55:07.455131,92,https://t.co/B8i3q1n6I3,"Democratizing web2 data for web3.

Use any data source in your smart contracts.

Join our discord: https://t.co/7NlMdKvU6a",['https://t.co/7NlMdKvU6a'],85,16,0.25,2.25,"['me_metaverse', 'chrispmonkey', 'DemoxLabs', 'solana', 'HackerHouseSOL', 'viktorfischer']"
73,chain_directory,ChainDirectory üîç,False,2022-03-05 04:28:58+00:00,5 days 01:20:51.794875,5,https://t.co/0rsM9i634a,Helping users connect to EVM powered networks üöÄ ChainDirectory continues Chainlist's work after their shutdown. Connect to your favorite network today!,[],145,64,1.8,0.0,"['AntonNellCrypto', 'FrancescoCiull4', 'cryptomanran', 'tailorgd']"
74,koil_finance,Koil Finance,False,2022-01-15 20:13:09+00:00,53 days 09:36:41.104832,53,,"Decentralized exchange on the Fuse network.

https://t.co/8JXskrhC8t
https://t.co/mLE9XpnupZ","['https://t.co/8JXskrhC8t', 'https://t.co/mLE9XpnupZ']",328,66,9.0,1.4,"['adam1schuler', 'Knight0fCrypto', '10b57e6da0']"
75,ArboGuild,ArboGuild,False,2022-03-04 11:52:39+00:00,5 days 17:57:11.455231,5,,,[],74,1,2.0,0.0,['wassiecapital']
76,FlashmintNFT,‚ö°Ô∏èFlashmint,False,2022-02-27 21:09:43+00:00,10 days 08:40:07.785253,10,https://t.co/d8O4urLX7V,"Mint your NFT from the presale, even if you don't have whatever they're gating on.",[],155,37,1.8,0.0,"['therealjfrantz', 'NFTfi', 'nnnnicholas', 'hypercastle_exp', 'uhr3al', 'onchainbaby', 'matto__matto']"
77,DeboardsIO,DeBoards,False,2022-02-25 06:59:41+00:00,12 days 22:50:10.165237,12,,"Decentralized message boards. Join the conversation on Web3. Coming soon to @0xPolygon. Powered by @ArweaveTeam + @BundlrNetwork.

https://t.co/T2UQ0SgJtG",['https://t.co/T2UQ0SgJtG'],100,7,4.2,2.6,['saydialect']
78,_lfg_official,Lucian Finders Guild ÔºàLFGÔºâÂÖ¨Âºè„Ç¢„Ç´„Ç¶„É≥„Éà,False,2022-02-16 02:28:49+00:00,22 days 03:21:02.555213,22,https://t.co/nAKsxFMUMi,È≠îLUCIAN(@LUCIANlampdefi)Áéá„ÅÑ„ÇãCrypto/NFT community„ÄÅLucian Finders Guild (LFG) „ÅÆÂÖ¨Âºè„Ç¢„Ç´„Ç¶„É≥„Éà„Åß„Åôüòàgemüíé/giveawayüéÅÊÉÖÂ†±„Çí„Ç≥„Éü„É•„Éã„ÉÜ„Ç£Âêë„Åë„Å´Áô∫‰ø°„Åó„Å¶„ÅÑ„Åç„Åæ„Åôüì¢ Discord„Å´„ÇÇ„Åú„Å≤„ÅîÂèÇÂä†„Çíüè∞‚öî,[],811,2,7.4,11974.2,"['EvmosOrg', 'lucianlampdefi', '_lfg_official', 'maishumai', 'zenigame_crypto', 'AzukiApeSC', 'Ukraine', 'nounsdao']"
79,RKOTax,RKO Tax,False,2021-12-08 21:56:08+00:00,91 days 07:53:43.890203,91,https://t.co/Swwuw9R6jd,"RKO aims to leverage tax and accounting knowledge of its founding partners to provide high-touch, white-glove tax service to the crypto-native community.",[],510,90,4.6,0.0,"['elliotkoss', 'wowbestie', 'andy8052', 'FonzGm', 'tombornal', 'JaiminDesai93', 'EmDeeEm']"
80,puttyfi,Putty,False,2022-01-30 23:08:30+00:00,38 days 06:41:22.205128,38,https://t.co/pqUvzysLNz,A web3 options market for NFTs and ERC20s https://t.co/ECNdaAQ6Bi,['https://t.co/ECNdaAQ6Bi'],373,71,5.4,3.0,"['puttyfi', 'outdoteth', '0xKira_']"
81,StarkPunks_,Stark Punks üö©,False,2022-02-09 16:38:52+00:00,28 days 13:11:00.682144,28,,"Original Punks built on #StarkNet
Join us now and take part of the future on the best scaling solution for Eth üõ†

Discord & Website incoming ‚åõ",[],208,5,9.333333333333334,3.3333333333333335,['StarkWareLtd']
82,B00bFinance,B00B Finance,False,2022-02-25 16:51:45+00:00,12 days 12:58:08.004971,12,https://t.co/kiZwDt3lKW,"The only Tomb fork with a real use case for its peg token; join us to change the industry.

Genesis at 12:00 UTC on March 4; PRESTAKE NOW!",[],577,22,8.6,2.6,"['farm_matrix', 'piggy_finance', 'mysexualmastery', 'tfarris']"
83,aurories__,Aurories,False,2021-12-21 16:58:41+00:00,78 days 12:51:12.375189,78,,"Proud to be Aurorians 

Insights, knowledge and opportunities on Aurora #buildonNEAR",[],466,71,0.0,12.6,"['aurigami_PLY', 'insights_near', 'NEARProtocol', 'NEARWEEK', 'Paradox_DAO', 'auroraisnear', 'ChainDebrief', 'trisolarislabs']"
84,chainblog_io,chainblog,False,2021-12-19 11:23:14+00:00,80 days 18:26:39.743062,80,https://t.co/hrsE7TWrRU,"Write your blogs as NFTs and own them forever. üëÄ
NFT blogging platform on Polygon Network üíú 
Early Access

Join our community  ‚Üí https://t.co/wImk29UnmI",['https://t.co/wImk29UnmI'],327,31,2.2,0.4,[]
85,0xPlanet,Planet Labs üåé,False,2022-03-02 16:06:16+00:00,7 days 13:43:38.067703,7,https://t.co/ef5pYmT3d7,"Fastest, Cheapest, Most Efficient DEX on @EvmosOrg and Cosmos

Bringing Curve ‚öîÔ∏è onto Evmos and Cosmos Ecosystem

Join us: https://t.co/zzuQgXKvmi",['https://t.co/zzuQgXKvmi'],548,8,9.4,1.2,[]
86,niftyswap_io,niftyswap,False,2022-02-21 11:02:14+00:00,16 days 18:47:40.321243,16,,"Instantly sell and buy blockchain collectibles.
Fully decentralized marketplace for Web3 collectibles.
Soon‚Ñ¢Ô∏è  Built by @0xHorizonGames üíú",[],219,0,0.0,0.0,[]
87,unicornnodes,Unicorn Nodes,False,2022-03-02 16:32:39+00:00,7 days 13:17:15.610412,7,https://t.co/WZNwIjmHND,Unicorn Nodes is a dairy money fork. Fly high with your unicorn node and earn $rainbow.,[],1277,52,14.6,7.2,"['Stonedpipez', 'MDBatu1', '0xKiil_am']"
88,moongateguild,Moongate,False,2021-12-07 05:57:25+00:00,92 days 23:52:29.980371,92,https://t.co/agk76ymgyu,a new dawn of gaming,[],221,0,0.0,0.0,[]
89,RarifyTech,Rarify,False,2022-02-11 17:21:31+00:00,26 days 12:28:24.311874,26,https://t.co/upLHQz20af,"On a mission to fuel the development of digital assets, by providing and simplifying access to the ownership economy",[],252,1,19.2,9.6,"['PanteraCapital', 'Cointelegraph', 'Forbes']"
90,crystal_fintech,Crystal Nodes,False,2022-02-15 10:31:00+00:00,22 days 19:18:55.621022,22,,"#NaaS protocol on #BSC
Own a crystal #Nodes and earn daily yields
#NFT with randomized rarity tier system
#Nodes implementing ERC721 norm

https://t.co/mtpB1T49PD",['https://t.co/mtpB1T49PD'],608,6,53.8,50.0,['crystal_fintech']
91,Asteroidsmoney,Asteroids Money,False,2022-03-03 08:50:19+00:00,6 days 20:59:36.971245,6,,First @tombfinance fork pegged to the price of 1 EVMOS @evmosorg floating in the cosmos. Comming soon.,[],502,2,51.75,37.0,"['spacefi_io', 'KinesisLabs', 'MidasCapita1', 'NovaDaoFinance', 'expanding_space', 'Asteroidsmoney', 'Exswapdotxyz', 'diffusion_fi', '0xAuron', 'EvmOSPunks', 'CronusFinance', 'coslend']"
92,AnzenFinance,Anzen Finance,False,2021-12-22 05:08:04+00:00,78 days 00:41:52.330829,78,https://t.co/KFFUh95ird,üè¶ Perpetually scaling reserve pool with Sustainable Yield. Join us in transforming the future of credit. Join us on Discord: https://t.co/toa86NjnmJ,['https://t.co/toa86NjnmJ'],324,1,5.4,0.6,['Arne12_arn']
93,NexusDAODeFi,Nexus DAO,False,2022-01-16 16:16:06+00:00,52 days 13:33:50.680713,52,https://t.co/x5pNkOyxeZ,"The best NaaS + DaaS protocol on Avalanche with reflections and NFTs.
https://t.co/OjTMl9a6aq",['https://t.co/OjTMl9a6aq'],752,4,4.2,53.4,"['DegentlemanDeFi', 'BigMooseCrypto', 'TheJakeCrypto', 'CryptoDuffleBag', 'NexusDAODeFi']"
94,Avalon_nft,AVALON,False,2022-02-26 12:43:50+00:00,11 days 17:06:07.050640,11,,Banner NFT project with never-seen-before utilities | more info coming soon‚Ä¶,[],2905,2061,35.8,26.6,"['erik_parrisonn', 'Gd11316411Gd', 'KittyLizzie2', 'zhang1zc', 'Avalon_nft', 'toffuzz', 'mingcai53561538', 'MiracleAmber2', 'bucktick1217', 'Wale_OA', 'garyvee']"
95,3xcalibur_io,3xcalibur,False,2022-01-09 13:34:11+00:00,59 days 16:15:46.360608,59,,"For an idea that does not first seem insane, there is no hope.",[],389,0,0.0,0.0,[]
96,UnitZeroLabs,Unit Zero,False,2022-01-26 16:47:47+00:00,42 days 13:02:10.651034,42,https://t.co/ypraBWzjIQ,"Anonymous collective of researchers, engineers, and traders providing thoughts and opinions and all things crypto",[],500,13,0.8,18.8,"['0xRainandCoffee', '0xAyanami', '0xnyew', 'Darrenlautf', 'nftchance', 'UnitZeroLabs', 'drakedanner', 'mrjasonchoi']"
97,cosmofolio,CosmoFolio ‚öõÔ∏è,False,2022-02-19 13:03:45+00:00,18 days 16:46:13.050365,18,,"Multichain web wallet dedicated to @cosmos ecosystem ‚öõÔ∏è
Enjoy a panoramic view of your wallets!",[],642,10,0.6,0.0,"['akashnet_', 'ComdexOfficial', '_rustler_', 'BitCannaGlobal', 'hdac_rizon', 'refinedguides', 'ChihuahuaChain', 'OmniFlixNetwork', 'starname_me', 'yameharry', 'istrudel74', 'BitSongOfficial', 'StargazeZone', 'microtick_zone', 'osmosiszone']"
98,notifi_network,notifi.network,False,2022-01-12 16:35:46+00:00,56 days 13:14:12.410931,56,https://t.co/bYfkMNhnpS,We are a two-way communication tool for dapps to engage with their users in the Web3 world. Join our Discord : https://t.co/vUpZF8bcc3,['https://t.co/vUpZF8bcc3'],455,48,2.6,0.2,"['TheMagicDAO', 'mccannatron', 'sidazhang', 'MagicEden_NFT', '1paulkim']"
99,ETHDownUnder,ETHDownUnder,False,2022-02-15 00:36:54+00:00,23 days 05:13:04.795346,23,https://t.co/BzfpFzTCd5,"the biggest web3 conference in the southern hempishere üê® ü¶ò ü™É

sydney // dec 2022 // by @dao_under",[],214,70,5.2,0.2,"['BanklessHQ', 'sidbpowell', 'pat_mcnab', 'maplefinance', 'Immutable', 'TracerDAO', 'DegenAlphaOnly', 'kaiynne', 'synthetix_io', '0xferg']"
100,Asteroidsmoney,Asteroids Money,False,2022-03-03 08:50:19+00:00,6 days 20:59:40.141036,6,,First @tombfinance fork pegged to the price of 1 EVMOS @evmosorg floating in the cosmos. Comming soon.,[],502,2,51.75,37.0,"['spacefi_io', 'KinesisLabs', 'MidasCapita1', 'NovaDaoFinance', 'expanding_space', 'Asteroidsmoney', 'Exswapdotxyz', 'diffusion_fi', '0xAuron', 'EvmOSPunks', 'CronusFinance', 'coslend']"
101,FlashmintNFT,‚ö°Ô∏èFlashmint,False,2022-02-27 21:09:43+00:00,10 days 08:40:16.480816,10,https://t.co/d8O4urLX7V,"Mint your NFT from the presale, even if you don't have whatever they're gating on.",[],155,37,1.8,0.0,"['therealjfrantz', 'NFTfi', 'nnnnicholas', 'hypercastle_exp', 'uhr3al', 'onchainbaby', 'matto__matto']"
102,niftyswap_io,niftyswap,False,2022-02-21 11:02:14+00:00,16 days 18:47:45.791206,16,,"Instantly sell and buy blockchain collectibles.
Fully decentralized marketplace for Web3 collectibles.
Soon‚Ñ¢Ô∏è  Built by @0xHorizonGames üíú",[],219,0,0.0,0.0,[]
103,TheKevinToken,$KEVIN,False,2022-03-02 19:53:29+00:00,7 days 09:56:31.125605,7,https://t.co/e4r8aOYCaG,"More than just a meme, a Global Movement.

Contract: 0xc9f1b23074849d5d6de462af57dae5d3309a1ecc

https://t.co/HgRWQ3GBQU",['https://t.co/HgRWQ3GBQU'],3039,743,6.4,3.6,"['PixelKevinNFT', 'kevinsunnies', 'Pixelmon', 'kevinpunksnft', 'BabyKevinsNFT', 'TheKevinToken', 'Cool_Kevin_NFT', 'LisaHesketh3', 'Crypto_Kevins']"
104,rDEX_Finance,rDEX,False,2022-02-17 02:42:24+00:00,21 days 03:07:36.480748,21,https://t.co/aHbxwM3RmC,"A DEX for #rToken powered by @StaFi_Protocol: continuous liquidity for #rToken, lower #slippage, asymmetrical deposit and impermanence loss protection.",[],154,19,4.6,2.6,"['StaFi_Protocol', 'cryptocycler', 'Demurejsh', 'Kamiesheep']"
105,CrabadaTracker,"Crabada Tracker (ü¶Ä,ü¶Ä) üî∫",False,2022-02-22 06:05:16+00:00,15 days 23:44:44.810766,15,https://t.co/wfotEsyV0H,"A deep dive into the Kingdom of Crabada. ü¶Äüî∫

Crabada Tracker is an interactive tool to track your activity in Crabada!",[],229,0,90.33333333333333,149.0,['PlayCrabada']
106,audioprime_io,Audio Prime,False,2021-12-28 21:32:15+00:00,71 days 08:17:46.160225,71,https://t.co/RXtcJEq7Pq,Data & Analytics for Audius,[],293,67,8.6,1.8,"['quantumv0id', 'BasstrickMusic', 'Sibewest', 'nextoblue', 'badmonraqass', 'mynameisjt_', 'CHUGGERS14', 'teamsalut', 'HODLMAN5', 'theonly4d', 'joseph_russsell', 'warpsound_ai', 'urldeath', 'Neenyoelefonte_', 'Alva_gomezz', 'kobijonz', 'OGCryptoLama', 'lunar_bridge', 'ignitercrdngs', 'AyoKiff', 'chypriann_music', 'Livin_Positive', 'Mile3210', 'vexxille', 'declaresmusic', 'humano_music', 'adamlutherx', 'emiliorojas', 'canyoujustask', 'onewoolong', 'InkNostalgia', 'wulirecords']"
107,rythmdao,Rythm - We're Hiring!,False,2022-02-26 20:06:38+00:00,11 days 09:43:23.480708,11,,"Leverage your $PLSX LP tokens, participate in isolated lending pools. Grab your WL spot today!

üëâ https://t.co/wPBHM3kVJM",['https://t.co/wPBHM3kVJM'],62,15,7.4,5.8,[]
108,identity_20xy,Identity 20XY,False,2022-02-24 14:26:48+00:00,13 days 15:23:13.875621,13,https://t.co/aaAndJnzgL,Bring AR to the Blockchain,[],136,46,0.0,0.0,"['PurrnelopesCC', 'JRNYcrypto', 'joshbobrowsky', 'Zeneca_33', 'Galaxisxyz', 'MookieNFT']"
109,0xPlanet,Planet Labs üåé,False,2022-03-02 16:06:16+00:00,7 days 13:43:46.211061,7,https://t.co/ef5pYmT3d7,"Fastest, Cheapest, Most Efficient DEX on @EvmosOrg and Cosmos

Bringing Curve ‚öîÔ∏è onto Evmos and Cosmos Ecosystem

Join us: https://t.co/zzuQgXKvmi",['https://t.co/zzuQgXKvmi'],548,8,9.4,1.2,[]
110,PrawnSyndicate,P.R.A.W.N Syndicate,False,2022-02-26 02:03:19+00:00,12 days 03:46:43.580463,12,,"When @Fluf_world needs us, we answer the call‚Ä¶",[],550,25,45.6,9.4,"['aaronmcdnz', 'flufworld', 'metabloxx', 'seekers_xyz']"
111,thenothingsnft,The Nothings,False,2022-03-02 02:43:41+00:00,8 days 03:06:21.910421,8,https://t.co/HvKrRKccCP,Literally nothings.,[],1110,121,0.6,1.0,"['landon400000', 'EmmyShotIt', 'Henrae01', 'Web3Alerts', 'thenothingsnft']"
112,talesofphantom,Tales Of Phantom P2E,False,2022-02-17 16:09:12+00:00,20 days 13:40:51.296243,20,https://t.co/NWXv5T9dyS,"A brand new RPG P2E experience built on Fantom Network.

Launch date: 03/14/2022.

Join the community: https://t.co/mgb2Fu7HFX",['https://t.co/mgb2Fu7HFX'],1200,52,0.6,0.0,"['malikatif7866', 'DoyG0x', 'AndreCronje_dev', 'DoyGox', 'rodcacioli', 'Nexury_Oficial']"
113,Knn3Network,KNN3 Network,False,2022-02-16 04:20:07+00:00,22 days 01:29:56.720528,22,https://t.co/hBwdU4Qfxx,"A web3 topological graph network 
to discover the in-depth relationship among web3 users.",[],91,5,1.6,0.6,"['TreasuryRes', 'jonson009', 'poddbofficial', 'ethsign', 'impossiblefi', 'rss3_']"
114,EvmosCN,EvmosËèØË™û,False,2022-02-18 10:10:08+00:00,19 days 19:39:56.040400,19,,"Cosmos ‚öõÔ∏è ÁöÑEVM Êû¢Á∫Ω;
Discord üëæ https://t.co/PonJlL8hiY ;
ÂÆòÊñπËèØË™ûTG‚úàÔ∏éÁ§æÁæ§Ôºöhttps://t.co/71hMdp3yZp","['https://t.co/PonJlL8hiY', 'https://t.co/71hMdp3yZp']",103,1,1.6,0.2,['crosnest_com']
115,MagnaCartaZone,MAGNA $CARTA,False,2022-02-19 22:18:03+00:00,18 days 07:32:01.410768,18,https://t.co/VZSOFSfptJ,"The bridge of the people. By the people. For the people.

Community | Economic Security | Multi-EVM",[],2155,776,15.4,1.6,"['x1knet', 'polka_chu', 'eblkronos', 'cryptotosis', 'ConeyDaddy']"
116,Avalon_nft,AVALON,False,2022-02-26 12:43:50+00:00,11 days 17:06:14.772537,11,,Banner NFT project with never-seen-before utilities | more info coming soon‚Ä¶,[],2905,2061,35.8,26.6,"['erik_parrisonn', 'Gd11316411Gd', 'KittyLizzie2', 'zhang1zc', 'Avalon_nft', 'toffuzz', 'mingcai53561538', 'MiracleAmber2', 'bucktick1217', 'Wale_OA', 'garyvee']"
117,drip_protocol,Drip Protocol üíß,False,2022-01-08 23:23:45+00:00,60 days 06:26:20.078577,60,https://t.co/MelYQ0vAX4,"A mobile-first trading platform built on Solana.

Participating in the @solana Riptide Hackathon",[],401,12,26.4,13.8,"['ProjectSerum', 'techiemax2', 'solana', 'cypherhat']"
118,shipshow_,The Ship Show üëæ,False,2022-02-05 03:23:03+00:00,33 days 02:27:02.395975,33,,"@Twitter spaces talk show by @jump_ | Discussing DeFi, Featuring Builders | DM to be featured",[],494,29,7.2,3.6,"['stablekwon', 'KyleSamani', 'leng_thong', 'PythNetwork', 'KanavKariya', 'mdomcahill']"
119,InertiaProtocol,Inertia,False,2022-02-01 07:27:18+00:00,36 days 22:22:47.734843,36,,The one and only cash settled European options defi primitive on @solana,[],146,16,3.0,1.3333333333333333,"['friktion_labs', 'sidmvenkat']"
120,CaffeineFund,CaffeineFund,False,2022-02-06 15:36:49+00:00,31 days 14:13:17.084879,31,https://t.co/cp7L75Xm4o,Tomb fork on AVAXüî∫. P2P Loans Coming Soon. KYC by PinkSale coming. Big things are happening. https://t.co/uYCxONxvtU,['https://t.co/uYCxONxvtU'],3002,42,1.4,0.2,"['Meta_Realm', 'SolrDao', 'TheDreamOfReti1', 'ApeOClock', 'OfficialTravlad', 'rovercrc']"
121,void__runners,Void Runners,False,2021-12-07 15:11:03+00:00,92 days 14:39:03.464909,92,https://t.co/fVvOeMu6Kn,,[],269,54,8.0,2.8,[]
122,bilidlyexchange,Bilidly.exchange,False,2022-02-27 11:24:53+00:00,10 days 18:25:13.754942,10,https://t.co/YMpwMEmJic,"ü§ñ||ü¶ß

Next generation ve(3,3) DEX for Binance Smart Chain

https://t.co/0OBfqMzxXe
https://t.co/SiUXBKZvud","['https://t.co/0OBfqMzxXe', 'https://t.co/SiUXBKZvud']",1441,0,2.2,0.4,"['zachxbt', 'theasianplayboy', 'RektHQ']"
123,DahlysArt,Dahlys,False,2022-02-10 01:45:54+00:00,28 days 04:04:13.095166,28,,"A collection of 2222 dreamers on #Solana inspired by the works and illustrations of our childhood stories | Earn $IMGN tokens

Discord closed  
Powered by Hydra",[],1759,22,189.0,79.0,[]
124,web3stat,Web3stat,False,2022-01-07 13:44:22+00:00,61 days 16:05:45.424593,61,https://t.co/aGz5M16YJc,"Building Guild 2.0: Blockchain Gaming Guild ‚öîÔ∏è Decentralized Social Platform 

https://t.co/qyTguO2F0A",['https://t.co/qyTguO2F0A'],485,4,20.6,6.0,"['inurinternet', 'bridgeworld', 'TalesofElleria', 'SamuRiseNFT', 'LifeNFT_', 'Treasure_DAO', 'web3stat']"
125,quantumswap_,QuantumSwap ‚öõÔ∏è - Evmos DEX,False,2022-02-15 13:52:31+00:00,22 days 15:57:36.836588,22,https://t.co/uz2pE50GRN,"A decentralized exchange for the entangled interchain. 
Powered by @EvmosOrg.",[],1683,11,6.4,21.0,"['profesorcryptoo', 'quantumswap_', 'EvmosOrg']"
126,AmberDAO_,Amber,False,2022-02-26 19:42:59+00:00,11 days 10:07:09.154849,11,,"Community-driven, privacy-preserving store of value token built on @SecretNetwork 

$Amber supply will be fair-dropped to $SCRT stakers",[],2628,4,121.0,23.6,[]
127,thethirdwebio,The Third Web,False,2022-02-08 23:47:58+00:00,29 days 06:02:10.525056,29,https://t.co/kisJELO5ut,"The Third Web is a community of crypto natives, NFT collectors and metaverse dwellers.",[],544,60,2.4,0.6,['ForrestGalt']
128,ramper_xyz,Ramper,False,2022-01-31 00:48:23+00:00,38 days 05:01:45.838172,38,https://t.co/Kj0ko1OSwh,Making web3 friendly to onramp the next billion users.,[],769,22,0.6,0.0,"['undeterrable', 'stablekwon', 'JustPicnic', 'bernie_tiiik', 'tiiik_money', 'Mac3pq', 'RG3KRR9s5roB6m2', 'hashed_official', '0xPolygon', 'terra_money']"
129,nft_playbook,NFT Playbook (nft-playbook.xyz),False,2022-02-16 19:17:22+00:00,21 days 10:32:47.164969,21,https://t.co/Gurk3YJkgR,The NFT Playbook is a comprehensive guide to empower NFT founders to launch quality NFT projects.,[],327,50,1.0,1.0,"['BanklessHQ', 'CryptoKeezi', 'nounsense_wtf', 'amiyoshimura_', 'nft_playbook', 'NGBxShpend', 'mikareyesss', '__mikareyes', 'FamConnNFT', 'EvaluateMarket', 'nounsdao', 'CryptoGucci']"
130,MohCreature,Moh Creature | Mint Coming Soon on $METIS,False,2022-02-16 19:22:26+00:00,21 days 10:27:43.494958,21,,"Decentralized store of value that can be claimed in the future through NFTs, Limited supply 6666 unique. On $METIS, üíé Discord:https://t.co/F8xee9ZFBq",['https://t.co/F8xee9ZFBq'],219,3468,3.8,0.6,"['kamigamixnft', 'CreaturesTD', 'MetisDAO', 'BillyBobBaghold']"
131,SmolKevins,Smol Kevins,False,2022-02-27 06:38:13+00:00,10 days 23:11:56.814964,10,,"5555 Smol Kevins
Free Mint and Good vibes only 
#arbitrum
Discord coming soon......",[],2590,157,59.2,11.6,"['enjoyooooor', 'SmolbeansNFT', 'lebot691', 'BahaMatt242', 'TheLostDonkeys', 'litterkittens']"
132,PowerDungeon,Power Dungeon,False,2022-02-09 05:26:58+00:00,29 days 00:23:12.163717,29,https://t.co/0g2nU2MSLf,"Discord: https://t.co/8D40032udR
Telegram: https://t.co/8qVjZ5wPXq
Website: https://t.co/0g2nU2MSLf","['https://t.co/8D40032udR', 'https://t.co/8qVjZ5wPXq', 'https://t.co/0g2nU2MSLf']",432,6,12.2,13.0,"['empe_0', 'praise_pals', 'jtevelow', 'thunderockets', 'PowerDungeon']"
133,atlasminingdao,Atlas Mining DAO,False,2022-02-05 13:21:38+00:00,32 days 16:28:32.464786,32,,Launching soon! Making $MAGIC happen on Arbitrum.,[],136,0,0.0,0.0,[]
134,Evolidly,Evolidly,False,2022-02-11 13:45:34+00:00,26 days 16:04:36.795318,26,,"The first @solidlyexchange fork on #EVMOS.

Coming soon.",[],1855,1,1322.5,433.5,[]
135,raynlabs,Rayn,False,2022-02-17 00:43:49+00:00,21 days 05:06:22.104729,21,,Research and Development Studio. Team behind @module @decentralize and more.,[],221,2,5.333333333333333,3.6666666666666665,['module']
136,expanding_space,Expanding space‚öõÔ∏è | NFT Marketplace on Evmos,False,2022-02-21 15:50:46+00:00,16 days 13:59:25.455021,16,https://t.co/AHNcv2JVbh,The first NFT marketplace on Evmos,[],850,28,2.6,0.2,"['pulsarfinance_', 'EvmosOrg', 'frensvalidator', 'keplrwallet', 'CryptoSaiz', 'cryptotosis', 'BasinProtocol', 'Evolidly', 'Fantastic_Swap', 'PerciFinance', 'Auroridly', 'BeanbagFi', 'gepaoletti', 'evmsolidly']"
137,PROOFplatform,PROOF,False,2022-02-21 01:45:52+00:00,17 days 04:04:19.780149,17,,"Create your own reflections token via the PROOF platform ‚Äî it‚Äôs simple & secure. 

A @HackerlabsDAO project.",[],97,19,1.0,5.8,"['PROOFplatform', 'HackerlabsDAO', 'cryptofrog202', 'btc_sol']"
138,StraddleFi,Straddle Finance,False,2022-02-23 21:30:21+00:00,14 days 08:19:51.115049,14,,Delta-neutral exposure for both retail and institutional investors. #StradFi,[],56,0,0.0,0.0,[]
139,quantumswap_,QuantumSwap ‚öõÔ∏è - Evmos DEX,False,2022-02-15 13:52:31+00:00,22 days 15:57:41.425297,22,https://t.co/uz2pE50GRN,"A decentralized exchange for the entangled interchain. 
Powered by @EvmosOrg.",[],1683,11,6.4,21.0,"['profesorcryptoo', 'quantumswap_', 'EvmosOrg']"
140,TheDeadCuties,DeadCuties (Airdrop claim is 12th of march),False,2021-12-10 09:21:14+00:00,89 days 20:28:58.754885,89,https://t.co/aj2VvYx7fl,"Upcoming collection of NFTs on Arbitrum ‚ù§Ô∏è|

Insta : https://t.co/tM2q8UY1zE",['https://t.co/tM2q8UY1zE'],2020,40,173.6,170.4,['arbitrum']
141,pleasrdevs,pleasrdevs,False,2021-12-31 00:00:40+00:00,69 days 05:49:33.074752,69,https://t.co/26RDPsygYS,"Web3 builders üíª  |  former web2 buildrs from Instagram, Lyft, Stripe.
@taipeicity_eth @metag33 @reichertjalex

DMs open",[],320,18,0.6,5.2,"['maciej_kuciara', 'shibuyaxyz', 'taipeicity_eth']"
142,Coterie_Capital,Coterie_Capital,False,2021-12-28 22:53:19+00:00,71 days 06:56:54.415203,71,https://t.co/7y7lzcLIV6,"The easiest way to launch and manage a DAO.

https://t.co/W0DwkTHKM8",['https://t.co/W0DwkTHKM8'],491,253,4.4,0.0,"['Coterie_Capital', 'SolidityFinance']"
143,invadermeerkat,InvaderMeerkat,False,2022-02-21 15:02:14+00:00,16 days 14:47:59.754827,16,,Fundamental analysis on crypto + insights/ramblings on blockchain/web3/metaverse,[],644,50,2.4,0.0,[]
144,Evolidly,Evolidly,False,2022-02-11 13:45:34+00:00,26 days 16:04:40.075135,26,,"The first @solidlyexchange fork on #EVMOS.

Coming soon.",[],1855,1,1322.5,433.5,[]
145,Unchainfund,"unchain.fund (üá∫üá¶, üá∫üá¶)",False,2022-02-24 12:55:39+00:00,13 days 16:54:35.424805,13,https://t.co/Ct0Ohz5nI7,Unchain is a charity project created by blockchain activists to support Ukraine with humanitarian aid. #StandForUkraine,[],2098,204,0.0,4.4,"['avelykyy', 'maxsemenchuk', 'Unchainfund', 'commonsstack', 'IwasHereForUA', 'DEIP_World']"
146,smoltaleb,nassim,False,2022-02-26 01:58:41+00:00,12 days 03:51:33.804924,12,,#blackswan is imminent,[],2837,424,20.4,0.0,"['IamNomad', 'Dallas_Korben_', 'JackBeTrader', 'zhusu', 'RaoulGMI', 'mcbenis3']"
147,kevinmfers,kevinmfers,False,2022-02-27 17:59:14+00:00,10 days 11:51:01.114883,10,https://t.co/jgPsZoGJP7,"KevinMfers/Super Kevins by kevtoshi
Inspired by #mfers & #pixelmon. Not affiliated with #pixelmon

Holder's Discord: https://t.co/w6JKkZCJG6",['https://t.co/w6JKkZCJG6'],5845,1453,32.4,55.8,"['JiraMfers', 'kevinmfers', 'kevtoshiNFT', 'LlamaversePunks']"
148,0xPegasusFi,Pegasus Finance - Pegaü¶Ñ,False,2021-12-06 05:14:04+00:00,94 days 00:36:11.465074,94,https://t.co/a2Yga08eTy,"A speculation-focused interest rate perp with novel tokenomics on Optimism. 
Testnet: https://t.co/lYTL9UgPI1
Discord: https://t.co/DZbGunaE8O","['https://t.co/lYTL9UgPI1', 'https://t.co/DZbGunaE8O']",1057,141,0.0,21.2,"['optimismPBC', 'hasncetiner', 'Mplengsangrai20', '0xPegasusFi', 'synthetix_io', 'Ruesandora0']"
149,PhaseDao,Phase Dao,False,2022-02-28 18:54:18+00:00,9 days 10:55:57.814844,9,,"A decentralized economy needs decentralized insurance. 

Discord: https://t.co/8uPJ0YeCUw",['https://t.co/8uPJ0YeCUw'],573,5,3.8,0.0,"['cryptaltd', 'anchor_protocol', 'OutletFinance', 'terra_money']"
150,unrekt_podcast,UnRektPodcast,False,2022-02-28 08:50:32+00:00,9 days 20:59:44.176120,9,https://t.co/SxArC00vlY,"Crypto Podcast - for investors, degens, founders, and thinkers! Alpha for bull markets and survival guides in bears. NOT FINANCIAL ADVICE.",[],51,0,12.0,3.0,"['LeslieisHODLing', 'unrekt_podcast', 'optimismPBC', 'lootproject']"
151,warandpeacexyz,Under Construction,False,2022-03-04 15:31:53+00:00,5 days 14:18:23.424360,5,,,[],5,0,0.0,0.0,[]
152,cypherdwallet,CypherD Wallet,False,2022-01-14 04:36:05+00:00,55 days 01:14:11.749091,55,https://t.co/HQKTXBKAPp,"Multi-Chain Non-Custodial Crypto Wallet & Debit Card 
Get approved instantly at https://t.co/lSYzIxGBEa!
Join us on Discord here -  https://t.co/UWNMtOiz1t","['https://t.co/lSYzIxGBEa!', 'https://t.co/UWNMtOiz1t']",297,16,5.6,6.2,"['solana', 'cosmos']"
153,B00bFinance,B00B Finance,False,2022-02-25 16:51:45+00:00,12 days 12:58:32.118734,12,https://t.co/kiZwDt3lKW,"The only Tomb fork with a real use case for its peg token; join us to change the industry.

Genesis at 12:00 UTC on March 4; PRESTAKE NOW!",[],577,22,8.6,2.6,"['farm_matrix', 'piggy_finance', 'mysexualmastery', 'tfarris']"
154,venethxyz,veneth,False,2022-02-08 14:26:51+00:00,29 days 15:23:26.438859,29,,Soon,[],71,0,0.0,0.0,[]
155,i_lldoitmyself,Thanoswap,False,2022-02-24 11:20:17+00:00,13 days 18:30:00.728878,13,https://t.co/Yrd3AUjQFd,"A better AMM on @zkSync, designed to provide a sustainable & competitive yield while minimizing fee & slippage for traders",[],321,5,2.2,1.4,"['LevxApp', '0xthanos', 'i_lldoitmyself']"
